0,Async Serial,35
0.00999768,Async Serial,35
0.02000436,Async Serial,35
0.03000194,Async Serial,34
0.04000786,Async Serial,34
0.05001411,Async Serial,34
0.0600117,Async Serial,34
0.0700178,Async Serial,35
0.08001507,Async Serial,35
0.09002129,Async Serial,35
0.10002752,Async Serial,36
0.11002436,Async Serial,36
0.12003034,Async Serial,35
0.13002809,Async Serial,35
0.14003459,Async Serial,34
0.15004098,Async Serial,34
0.16003801,Async Serial,35
0.17004419,Async Serial,35
0.18004912,Async Serial,35
0.19004656,Async Serial,34
0.20005186,Async Serial,35
0.21005698,Async Serial,34
0.22005391,Async Serial,34
0.23005986,Async Serial,35
0.2400663,Async Serial,34
0.25006362,Async Serial,35
0.26006946,Async Serial,35
0.27007434,Async Serial,35
0.28007059,Async Serial,35
0.29007602,Async Serial,35
0.30008075,Async Serial,35
0.31008569,Async Serial,34
0.32008211,Async Serial,35
0.33008809,Async Serial,35
0.34009369,Async Serial,35
0.35009953,Async Serial,34
0.36009651,Async Serial,35
0.37010242,Async Serial,35
0.38009986,Async Serial,36
0.39010673,Async Serial,35
0.40010433,Async Serial,35
0.41011028,Async Serial,35
0.42011614,Async Serial,35
0.43011236,Async Serial,35
0.44011746,Async Serial,35
0.45012305,Async Serial,34
0.46012863,Async Serial,34
0.47012583,Async Serial,35
0.48012273,Async Serial,35
0.49013763,Async Serial,35
0.50013476,Async Serial,36
0.5101406,Async Serial,35
0.52014675,Async Serial,35
0.53014505,Async Serial,34
0.54015202,Async Serial,34
0.55015034,Async Serial,34
0.56015571,Async Serial,36
0.57015267,Async Serial,34
0.58015859,Async Serial,34
0.59016496,Async Serial,35
0.60016194,Async Serial,36
0.61016819,Async Serial,35
0.62017482,Async Serial,34
0.63017242,Async Serial,35
0.64017131,Async Serial,34
0.65017859,Async Serial,35
0.66017763,Async Serial,35
0.67018484,Async Serial,35
0.68018369,Async Serial,35
0.69018977,Async Serial,36
0.70019619,Async Serial,34
0.71019284,Async Serial,35
0.72019932,Async Serial,35
0.73019684,Async Serial,35
0.74020333,Async Serial,35
0.75020994,Async Serial,34
0.76020778,Async Serial,35
0.77021538,Async Serial,34
0.78021428,Async Serial,34
0.79022121,Async Serial,34
0.80021923,Async Serial,34
0.81022574,Async Serial,34
0.82022358,Async Serial,35
0.83022994,Async Serial,35
0.84022786,Async Serial,35
0.85023558,Async Serial,35
0.87023986,Async Serial,35
0.88024665,Async Serial,34
0.89024563,Async Serial,34
0.90025344,Async Serial,36
0.910252,Async Serial,35
0.92025074,Async Serial,35
0.93025865,Async Serial,35
0.94025872,Async Serial,34
0.9502669,Async Serial,35
0.96026532,Async Serial,36
0.9702728,Async Serial,36
0.98027101,Async Serial,35
0.99027857,Async Serial,35
1.00027665,Async Serial,34
1.01028425,Async Serial,35
1.0302869,Async Serial,35
1.04029428,Async Serial,35
1.05029298,Async Serial,35
1.06029284,Async Serial,35
1.07029362,Async Serial,35
1.08030209,Async Serial,35
1.09030112,Async Serial,35
1.10030884,Async Serial,35
1.11030815,Async Serial,35
1.12030659,Async Serial,35
1.13031332,Async Serial,35
1.14032057,Async Serial,34
1.15031921,Async Serial,35
1.16032659,Async Serial,35
1.1703262,Async Serial,35
1.18033453,Async Serial,35
1.19033428,Async Serial,34
1.20033346,Async Serial,35
1.21033263,Async Serial,36
1.22034025,Async Serial,34
1.23033817,Async Serial,35
1.24035273,Async Serial,34
1.25035096,Async Serial,35
1.26035236,Async Serial,35
1.27035171,Async Serial,35
1.28035907,Async Serial,35
1.29035842,Async Serial,35
1.30036634,Async Serial,34
1.31036521,Async Serial,35
1.32036451,Async Serial,35
1.33037136,Async Serial,36
1.3403698,Async Serial,34
1.35037649,Async Serial,34
1.36038321,Async Serial,35
1.37038201,Async Serial,35
1.3803893,Async Serial,35
1.39038842,Async Serial,35
1.40038738,Async Serial,35
1.41039476,Async Serial,35
1.42039313,Async Serial,35
1.43040115,Async Serial,34
1.4404011,Async Serial,35
1.45040946,Async Serial,36
1.46040906,Async Serial,35
1.47040786,Async Serial,35
1.48041459,Async Serial,34
1.49041298,Async Serial,35
1.5004214,Async Serial,34
1.51042045,Async Serial,35
1.52042803,Async Serial,35
1.53042755,Async Serial,35
1.54042719,Async Serial,35
1.55043538,Async Serial,34
1.56043475,Async Serial,35
1.57043394,Async Serial,34
1.58044192,Async Serial,35
1.5904423,Async Serial,36
1.60045011,Async Serial,35
1.61044921,Async Serial,34
1.62044819,Async Serial,35
1.63045667,Async Serial,35
1.6404565,Async Serial,35
1.65046414,Async Serial,35
1.66046305,Async Serial,34
1.67046207,Async Serial,35
1.6804701,Async Serial,35
1.69046865,Async Serial,35
1.7004744,Async Serial,36
1.71048084,Async Serial,35
1.72047907,Async Serial,35
1.73048704,Async Serial,35
1.74048538,Async Serial,34
1.75049298,Async Serial,35
1.76049225,Async Serial,35
1.77049186,Async Serial,35
1.78050019,Async Serial,35
1.79049938,Async Serial,35
1.80050707,Async Serial,36
1.81050496,Async Serial,35
1.82051215,Async Serial,35
1.83051011,Async Serial,36
1.84051658,Async Serial,34
1.85051488,Async Serial,35
1.8605229,Async Serial,35
1.87052153,Async Serial,35
1.8805285,Async Serial,35
1.89052642,Async Serial,35
1.90053332,Async Serial,35
1.91053267,Async Serial,35
1.92054067,Async Serial,35
1.93053971,Async Serial,35
1.9405393,Async Serial,35
1.95054659,Async Serial,35
1.96054611,Async Serial,35
1.97055427,Async Serial,35
1.98055282,Async Serial,34
1.99055971,Async Serial,35
2.00055811,Async Serial,34
2.01056477,Async Serial,35
2.02056275,Async Serial,35
2.0305698,Async Serial,36
2.04056755,Async Serial,35
2.05057465,Async Serial,35
2.06057332,Async Serial,35
2.07058062,Async Serial,35
2.08057854,Async Serial,34
2.0905858,Async Serial,35
2.10058307,Async Serial,35
2.11058898,Async Serial,34
2.12059516,Async Serial,34
2.13059332,Async Serial,35
2.14059971,Async Serial,35
2.15059738,Async Serial,35
2.16060361,Async Serial,35
2.1706104,Async Serial,34
2.18060929,Async Serial,35
2.19060791,Async Serial,34
2.20061507,Async Serial,34
2.21062132,Async Serial,35
2.22061854,Async Serial,35
2.23062546,Async Serial,36
2.24062371,Async Serial,35
2.25063107,Async Serial,35
2.26063009,Async Serial,34
2.27063842,Async Serial,35
2.28063772,Async Serial,35
2.29063769,Async Serial,34
2.30064626,Async Serial,35
2.31064578,Async Serial,35
2.32065265,Async Serial,34
2.33065055,Async Serial,35
2.34065777,Async Serial,34
2.35065591,Async Serial,34
2.36066222,Async Serial,35
2.37065938,Async Serial,34
2.38066436,Async Serial,35
2.39067059,Async Serial,35
2.40066815,Async Serial,34
2.41067482,Async Serial,35
2.42068211,Async Serial,34
2.43068002,Async Serial,35
2.44067808,Async Serial,35
2.45068532,Async Serial,35
2.46068355,Async Serial,35
2.47069078,Async Serial,35
2.48069794,Async Serial,35
2.49069667,Async Serial,34
2.50069555,Async Serial,35
2.51070211,Async Serial,34
2.52070169,Async Serial,35
2.53070961,Async Serial,34
2.54070873,Async Serial,36
2.55071746,Async Serial,35
2.56071698,Async Serial,35
2.57071609,Async Serial,34
2.58072479,Async Serial,35
2.5907245,Async Serial,34
2.60073253,Async Serial,35
2.61073202,Async Serial,35
2.62073082,Async Serial,34
2.63073902,Async Serial,35
2.64073842,Async Serial,35
2.65073754,Async Serial,34
2.66074557,Async Serial,35
2.67074515,Async Serial,34
2.68075298,Async Serial,35
2.69075267,Async Serial,35
2.70075217,Async Serial,36
2.71075997,Async Serial,35
2.72075938,Async Serial,35
2.7307678,Async Serial,35
2.74076738,Async Serial,35
2.75076707,Async Serial,35
2.76077442,Async Serial,35
2.77077297,Async Serial,35
2.78077986,Async Serial,35
2.79077834,Async Serial,36
2.80078515,Async Serial,34
2.81079027,Async Serial,35
2.82078771,Async Serial,34
2.83079459,Async Serial,35
2.84079215,Async Serial,35
2.85079969,Async Serial,35
2.86079834,Async Serial,35
2.8708056,Async Serial,35
2.88080371,Async Serial,35
2.89081059,Async Serial,35
2.90081721,Async Serial,34
2.91081512,Async Serial,34
2.92081284,Async Serial,35
2.93081878,Async Serial,35
2.94082467,Async Serial,35
2.95083073,Async Serial,36
2.96082836,Async Serial,36
2.97083507,Async Serial,34
2.98084223,Async Serial,35
2.99083971,Async Serial,35
3.00083923,Async Serial,35
3.01084786,Async Serial,34
3.02084688,Async Serial,35
3.03084606,Async Serial,35
3.04085284,Async Serial,34
3.05085123,Async Serial,35
3.06085811,Async Serial,35
3.0708645,Async Serial,35
3.08086248,Async Serial,34
3.09086932,Async Serial,35
3.10086682,Async Serial,35
3.11087277,Async Serial,34
3.12086944,Async Serial,34
3.13087586,Async Serial,35
3.14088183,Async Serial,35
3.15087867,Async Serial,34
3.16088513,Async Serial,35
3.17089267,Async Serial,34
3.18089123,Async Serial,34
3.19089808,Async Serial,34
3.20089636,Async Serial,35
3.21090257,Async Serial,34
3.22090003,Async Serial,35
3.23090609,Async Serial,35
3.2409131,Async Serial,36
3.25091107,Async Serial,35
3.26090983,Async Serial,34
3.27091698,Async Serial,34
3.28091535,Async Serial,35
3.29092259,Async Serial,36
3.30092084,Async Serial,36
3.31092771,Async Serial,35
3.32093417,Async Serial,35
3.33093206,Async Serial,35
3.34093902,Async Serial,35
3.35093698,Async Serial,35
3.36094403,Async Serial,35
3.37094237,Async Serial,35
3.38094834,Async Serial,35
3.39094625,Async Serial,35
3.40095222,Async Serial,35
3.41095882,Async Serial,35
3.42095698,Async Serial,35
3.43096371,Async Serial,36
3.44096084,Async Serial,34
3.45096654,Async Serial,34
3.46097313,Async Serial,35
3.47097065,Async Serial,35
3.48097586,Async Serial,35
3.49098178,Async Serial,35
3.50097951,Async Serial,34
3.51098473,Async Serial,35
3.52099085,Async Serial,36
3.53098857,Async Serial,35
3.54099404,Async Serial,36
3.55099161,Async Serial,35
3.56099761,Async Serial,35
3.57100436,Async Serial,36
3.58100307,Async Serial,35
3.59100954,Async Serial,35
3.60100752,Async Serial,35
3.61101363,Async Serial,34
3.62101113,Async Serial,35
3.63101696,Async Serial,35
3.64102371,Async Serial,34
3.6510209,Async Serial,35
3.66102723,Async Serial,36
3.67102531,Async Serial,35
3.6810329,Async Serial,36
3.69103186,Async Serial,35
3.70103907,Async Serial,35
3.71103667,Async Serial,35
3.72104402,Async Serial,35
3.73105104,Async Serial,34
3.7410493,Async Serial,35
3.75104836,Async Serial,36
3.76105538,Async Serial,35
3.77105332,Async Serial,35
3.78106098,Async Serial,36
3.79106015,Async Serial,36
3.80106671,Async Serial,35
3.81106561,Async Serial,36
3.82107332,Async Serial,36
3.83107191,Async Serial,36
3.8410789,Async Serial,34
3.85107667,Async Serial,36
3.86108418,Async Serial,35
3.87109027,Async Serial,35
3.8810869,Async Serial,35
3.89109361,Async Serial,35
3.90108963,Async Serial,34
3.911094,Async Serial,36
3.92109842,Async Serial,35
3.9311033,Async Serial,35
3.94110884,Async Serial,35
3.95110569,Async Serial,35
3.96111107,Async Serial,35
3.97110834,Async Serial,34
3.98111296,Async Serial,35
3.99111746,Async Serial,35
4.00112146,Async Serial,35
4.01112659,Async Serial,35
4.0211233,Async Serial,36
4.03112819,Async Serial,35
4.04113363,Async Serial,35
4.05113921,Async Serial,35
4.06113642,Async Serial,35
4.07114225,Async Serial,34
4.0811409,Async Serial,35
4.09114786,Async Serial,34
4.10114659,Async Serial,35
4.11115363,Async Serial,34
4.12115251,Async Serial,34
4.13115954,Async Serial,35
4.1411658,Async Serial,34
4.15116378,Async Serial,35
4.16117002,Async Serial,36
4.17116738,Async Serial,35
4.18117392,Async Serial,35
4.19117984,Async Serial,35
4.20117732,Async Serial,35
4.21118419,Async Serial,35
4.22118307,Async Serial,34
4.23118944,Async Serial,35
4.24118771,Async Serial,35
4.25119475,Async Serial,35
4.26119186,Async Serial,34
4.27119811,Async Serial,35
4.28120414,Async Serial,36
4.29120105,Async Serial,35
4.3012069,Async Serial,35
4.31120436,Async Serial,35
4.32121161,Async Serial,35
4.33121059,Async Serial,34
4.34121811,Async Serial,35
4.35122419,Async Serial,35
4.36122084,Async Serial,35
4.37122731,Async Serial,35
4.38122515,Async Serial,34
4.39123171,Async Serial,34
4.40123828,Async Serial,34
4.41123684,Async Serial,35
4.42124323,Async Serial,35
4.43124128,Async Serial,36
4.4412485,Async Serial,35
4.4512473,Async Serial,34
4.46125434,Async Serial,35
4.47125282,Async Serial,34
4.48126017,Async Serial,35
4.49125834,Async Serial,35
4.50126515,Async Serial,35
4.51126371,Async Serial,35
4.52126977,Async Serial,35
4.53126723,Async Serial,35
4.54127265,Async Serial,36
4.55127876,Async Serial,35
4.56127632,Async Serial,34
4.57128324,Async Serial,35
4.58128893,Async Serial,34
4.59128608,Async Serial,35
4.60129203,Async Serial,34
4.61128994,Async Serial,35
4.62129619,Async Serial,34
4.63130323,Async Serial,34
4.64130146,Async Serial,35
4.65129971,Async Serial,35
4.6613064,Async Serial,35
4.67131315,Async Serial,35
4.68131121,Async Serial,35
4.69131713,Async Serial,34
4.70131507,Async Serial,34
4.7113216,Async Serial,34
4.72132774,Async Serial,34
4.73132546,Async Serial,34
4.74133133,Async Serial,36
4.75132817,Async Serial,35
4.76133332,Async Serial,34
4.7713389,Async Serial,35
4.7813451,Async Serial,34
4.79134275,Async Serial,34
4.80134851,Async Serial,34
4.81134642,Async Serial,35
4.82135332,Async Serial,35
4.83135938,Async Serial,35
4.8413569,Async Serial,34
4.85136295,Async Serial,35
4.86136121,Async Serial,35
4.87136815,Async Serial,35
4.88136525,Async Serial,35
4.89137194,Async Serial,35
4.90137882,Async Serial,35
4.91137794,Async Serial,35
4.92137642,Async Serial,35
4.93138323,Async Serial,36
4.94138163,Async Serial,36
4.95138824,Async Serial,36
4.96139476,Async Serial,35
4.97139257,Async Serial,35
4.98139905,Async Serial,34
4.9913966,Async Serial,35
5.00140256,Async Serial,34
5.01140802,Async Serial,35
5.02140467,Async Serial,33
5.03140932,Async Serial,34
5.04141441,Async Serial,34
5.05141912,Async Serial,32
5.06141609,Async Serial,32
5.07142153,Async Serial,34
5.08142642,Async Serial,34
5.09143155,Async Serial,36
5.10142897,Async Serial,35
5.11143459,Async Serial,36
5.12144065,Async Serial,36
5.13143746,Async Serial,36
5.1414429,Async Serial,37
5.15144802,Async Serial,35
5.16144538,Async Serial,34
5.17145088,Async Serial,35
5.1814568,Async Serial,34
5.19145456,Async Serial,33
5.20146051,Async Serial,33
5.21145823,Async Serial,34
5.22146463,Async Serial,34
5.23147117,Async Serial,33
5.24146822,Async Serial,33
5.25147482,Async Serial,35
5.26147248,Async Serial,35
5.27147913,Async Serial,36
5.28147667,Async Serial,36
5.29148338,Async Serial,37
5.30149011,Async Serial,38
5.31149738,Async Serial,37
5.32149561,Async Serial,35
5.33149279,Async Serial,35
5.34149938,Async Serial,36
5.35150532,Async Serial,35
5.36150386,Async Serial,35
5.37151135,Async Serial,33
5.38151042,Async Serial,33
5.39151811,Async Serial,34
5.40151684,Async Serial,35
5.41151507,Async Serial,36
5.421522,Async Serial,36
5.4315285,Async Serial,39
5.44152671,Async Serial,38
5.4515332,Async Serial,39
5.46153107,Async Serial,39
5.4715378,Async Serial,39
5.48153636,Async Serial,37
5.4915429,Async Serial,36
5.50153923,Async Serial,36
5.51154498,Async Serial,34
5.52155028,Async Serial,35
5.5315549,Async Serial,36
5.54155017,Async Serial,37
5.55155535,Async Serial,38
5.56156067,Async Serial,38
5.57156676,Async Serial,37
5.58156368,Async Serial,36
5.59156946,Async Serial,36
5.60157485,Async Serial,35
5.61157203,Async Serial,34
5.62157811,Async Serial,33
5.63157536,Async Serial,31
5.64158146,Async Serial,34
5.65158806,Async Serial,35
5.66159428,Async Serial,35
5.67159298,Async Serial,36
5.68159203,Async Serial,37
5.69160038,Async Serial,38
5.70160015,Async Serial,36
5.71160036,Async Serial,36
5.72160884,Async Serial,34
5.73160841,Async Serial,33
5.74160819,Async Serial,32
5.75161657,Async Serial,33
5.76161606,Async Serial,33
5.77162319,Async Serial,33
5.78162161,Async Serial,33
5.79162867,Async Serial,33
5.80162707,Async Serial,32
5.81163507,Async Serial,34
5.82163411,Async Serial,34
5.8316325,Async Serial,35
5.84163855,Async Serial,34
5.85164288,Async Serial,36
5.86164817,Async Serial,35
5.87165313,Async Serial,35
5.88164938,Async Serial,35
5.89165394,Async Serial,36
5.90165882,Async Serial,35
5.91165586,Async Serial,35
5.92166163,Async Serial,34
5.931668,Async Serial,35
5.94166594,Async Serial,33
5.95167383,Async Serial,33
5.96167257,Async Serial,34
5.97167923,Async Serial,32
5.98167699,Async Serial,32
5.99168353,Async Serial,33
6.00168863,Async Serial,32
6.01168563,Async Serial,34
6.02169138,Async Serial,33
6.03169684,Async Serial,33
6.04169315,Async Serial,34
6.05169882,Async Serial,34
6.06170371,Async Serial,33
6.07170884,Async Serial,34
6.08170546,Async Serial,36
6.09171104,Async Serial,37
6.10171567,Async Serial,38
6.11171171,Async Serial,37
6.12171667,Async Serial,39
6.13172146,Async Serial,39
6.14172682,Async Serial,41
6.15173192,Async Serial,41
6.16172913,Async Serial,42
6.17173549,Async Serial,43
6.18173346,Async Serial,43
6.19173967,Async Serial,44
6.20173698,Async Serial,45
6.211743,Async Serial,47
6.22174963,Async Serial,46
6.23174688,Async Serial,45
6.24175312,Async Serial,44
6.25175904,Async Serial,40
6.26175636,Async Serial,39
6.27176323,Async Serial,35
6.28176115,Async Serial,33
6.29176738,Async Serial,30
6.30177315,Async Serial,29
6.31177086,Async Serial,28
6.32177746,Async Serial,28
6.331776,Async Serial,29
6.34178274,Async Serial,31
6.35178054,Async Serial,33
6.36178819,Async Serial,37
6.37178784,Async Serial,40
6.38179501,Async Serial,42
6.39179313,Async Serial,44
6.40179986,Async Serial,47
6.4117989,Async Serial,49
6.42180619,Async Serial,47
6.43180458,Async Serial,46
6.44181042,Async Serial,43
6.45180736,Async Serial,39
6.4618136,Async Serial,37
6.47181876,Async Serial,35
6.48181522,Async Serial,32
6.49182836,Async Serial,30
6.50182484,Async Serial,28
6.51182959,Async Serial,27
6.52183507,Async Serial,24
6.53183231,Async Serial,23
6.54183811,Async Serial,22
6.5518445,Async Serial,21
6.56184146,Async Serial,21
6.57184826,Async Serial,23
6.58184626,Async Serial,22
6.59185321,Async Serial,24
6.60185117,Async Serial,26
6.61185842,Async Serial,28
6.62185684,Async Serial,29
6.63186475,Async Serial,30
6.64186367,Async Serial,30
6.65187107,Async Serial,30
6.66186819,Async Serial,31
6.67187434,Async Serial,30
6.68187147,Async Serial,30
6.69187794,Async Serial,31
6.70188448,Async Serial,34
6.71188225,Async Serial,35
6.72188994,Async Serial,35
6.73188915,Async Serial,39
6.74189571,Async Serial,41
6.75189308,Async Serial,44
6.76189907,Async Serial,47
6.77190546,Async Serial,53
6.78190257,Async Serial,54
6.79190838,Async Serial,55
6.80190628,Async Serial,54
6.81191284,Async Serial,54
6.82191888,Async Serial,53
6.83191586,Async Serial,52
6.84192132,Async Serial,50
6.8519269,Async Serial,48
6.86192465,Async Serial,45
6.87193068,Async Serial,39
6.88192771,Async Serial,37
6.89193338,Async Serial,34
6.90193845,Async Serial,32
6.91194394,Async Serial,31
6.92193967,Async Serial,30
6.93194484,Async Serial,34
6.94194927,Async Serial,35
6.95195363,Async Serial,36
6.9619578,Async Serial,37
6.97196242,Async Serial,40
6.98195859,Async Serial,41
6.99196288,Async Serial,42
7.0019675,Async Serial,41
7.0119717,Async Serial,38
7.02197631,Async Serial,35
7.03197284,Async Serial,31
7.04197859,Async Serial,25
7.05198484,Async Serial,22
7.06198177,Async Serial,19
7.07198857,Async Serial,19
7.08198723,Async Serial,18
7.09199459,Async Serial,17
7.10199281,Async Serial,19
7.11199971,Async Serial,20
7.12199763,Async Serial,23
7.13200358,Async Serial,26
7.14200912,Async Serial,26
7.15200654,Async Serial,29
7.16201277,Async Serial,30
7.17200921,Async Serial,31
7.18201456,Async Serial,32
7.19202163,Async Serial,33
7.20201905,Async Serial,34
7.21202561,Async Serial,35
7.22203209,Async Serial,36
7.23203011,Async Serial,38
7.2420376,Async Serial,38
7.25203583,Async Serial,38
7.26204284,Async Serial,39
7.27204067,Async Serial,39
7.28204675,Async Serial,38
7.29204419,Async Serial,39
7.30205066,Async Serial,40
7.31205679,Async Serial,42
7.32205424,Async Serial,44
7.33206105,Async Serial,46
7.3420578,Async Serial,48
7.35206338,Async Serial,49
7.36207011,Async Serial,47
7.37207617,Async Serial,45
7.38207375,Async Serial,41
7.39207974,Async Serial,42
7.40207667,Async Serial,38
7.41208273,Async Serial,39
7.4220885,Async Serial,39
7.43208532,Async Serial,38
7.44209162,Async Serial,38
7.45209698,Async Serial,38
7.46209513,Async Serial,42
7.47210115,Async Serial,47
7.48209805,Async Serial,49
7.49210398,Async Serial,51
7.50210873,Async Serial,51
7.51211315,Async Serial,52
7.52210865,Async Serial,51
7.53212185,Async Serial,48
7.5421185,Async Serial,44
7.55212383,Async Serial,38
7.56211922,Async Serial,32
7.57212467,Async Serial,28
7.58213042,Async Serial,24
7.59213584,Async Serial,21
7.60213281,Async Serial,19
7.61213746,Async Serial,20
7.62214305,Async Serial,19
7.63213986,Async Serial,20
7.64214563,Async Serial,23
7.6521517,Async Serial,25
7.66214968,Async Serial,26
7.67215636,Async Serial,27
7.68215457,Async Serial,29
7.69216073,Async Serial,29
7.7021669,Async Serial,30
7.71216511,Async Serial,29
7.72217219,Async Serial,29
7.73217113,Async Serial,27
7.74217986,Async Serial,28
7.75217859,Async Serial,28
7.76217684,Async Serial,28
7.77218436,Async Serial,27
7.78218307,Async Serial,30
7.79219011,Async Serial,30
7.802198,Async Serial,32
7.81219666,Async Serial,35
7.82219434,Async Serial,35
7.83220084,Async Serial,36
7.84220766,Async Serial,38
7.85220538,Async Serial,41
7.86221203,Async Serial,42
7.8722104,Async Serial,45
7.88221746,Async Serial,46
7.89221459,Async Serial,44
7.90222084,Async Serial,44
7.91221794,Async Serial,43
7.92222402,Async Serial,45
7.93223076,Async Serial,51
7.94222915,Async Serial,54
7.95223636,Async Serial,56
7.96223411,Async Serial,56
7.97224105,Async Serial,54
7.98223986,Async Serial,49
7.9922473,Async Serial,46
8.0022458,Async Serial,44
8.01225217,Async Serial,42
8.02225903,Async Serial,41
8.0322569,Async Serial,41
8.04226313,Async Serial,41
8.05226161,Async Serial,40
8.06226836,Async Serial,40
8.07226622,Async Serial,36
8.08227186,Async Serial,34
8.09226954,Async Serial,33
8.10227459,Async Serial,29
8.11227943,Async Serial,28
8.12228422,Async Serial,27
8.13228084,Async Serial,24
8.14228723,Async Serial,23
8.15229234,Async Serial,21
8.16228842,Async Serial,21
8.17229411,Async Serial,19
8.1822989,Async Serial,19
8.19230307,Async Serial,22
8.20230036,Async Serial,23
8.21230538,Async Serial,25
8.22230978,Async Serial,27
8.23231465,Async Serial,30
8.24231915,Async Serial,33
8.25232371,Async Serial,33
8.26231991,Async Serial,34
8.27232507,Async Serial,36
8.28233028,Async Serial,37
8.29232755,Async Serial,37
8.30233298,Async Serial,36
8.31233882,Async Serial,35
8.32233507,Async Serial,34
8.33233961,Async Serial,34
8.34234514,Async Serial,34
8.35234974,Async Serial,34
8.36235409,Async Serial,33
8.37235811,Async Serial,35
8.38235313,Async Serial,36
8.39235833,Async Serial,36
8.40236355,Async Serial,39
8.41236098,Async Serial,40
8.42236738,Async Serial,44
8.43237456,Async Serial,47
8.44237298,Async Serial,52
8.45237078,Async Serial,55
8.46237771,Async Serial,56
8.47237571,Async Serial,56
8.48238265,Async Serial,57
8.49238975,Async Serial,56
8.50238738,Async Serial,52
8.51239428,Async Serial,47
8.52239215,Async Serial,42
8.53239955,Async Serial,40
8.54239837,Async Serial,35
8.55240442,Async Serial,32
8.56241075,Async Serial,30
8.57240836,Async Serial,28
8.5824149,Async Serial,29
8.59241194,Async Serial,30
8.60241715,Async Serial,32
8.61241503,Async Serial,34
8.62242228,Async Serial,34
8.63242873,Async Serial,37
8.64242659,Async Serial,37
8.65243363,Async Serial,37
8.66243123,Async Serial,37
8.67243811,Async Serial,35
8.6824368,Async Serial,35
8.69244442,Async Serial,32
8.70244259,Async Serial,32
8.71244958,Async Serial,31
8.722456,Async Serial,29
8.73245507,Async Serial,28
8.74245363,Async Serial,26
8.75246194,Async Serial,25
8.7624605,Async Serial,25
8.77246862,Async Serial,24
8.78246786,Async Serial,22
8.79246721,Async Serial,23
8.80247521,Async Serial,23
8.81247507,Async Serial,24
8.8224749,Async Serial,26
8.83248338,Async Serial,27
8.84248259,Async Serial,28
8.85249027,Async Serial,28
8.86248963,Async Serial,28
8.87248944,Async Serial,29
8.88249746,Async Serial,28
8.89249673,Async Serial,30
8.90250467,Async Serial,31
8.9125029,Async Serial,32
8.92251031,Async Serial,33
8.9325093,Async Serial,37
8.94250786,Async Serial,39
8.95251521,Async Serial,41
8.96252257,Async Serial,44
8.97252192,Async Serial,47
8.98252161,Async Serial,51
8.99252938,Async Serial,54
9.0025285,Async Serial,57
9.01253549,Async Serial,57
9.02253359,Async Serial,60
9.03253898,Async Serial,62
9.04253586,Async Serial,63
9.05254211,Async Serial,63
9.06254867,Async Serial,60
9.07254736,Async Serial,57
9.08255427,Async Serial,51
9.09255298,Async Serial,43
9.10255202,Async Serial,37
9.11256074,Async Serial,33
9.1225605,Async Serial,32
9.13256803,Async Serial,31
9.14256642,Async Serial,32
9.15257394,Async Serial,34
9.16257315,Async Serial,36
9.17258002,Async Serial,34
9.1825768,Async Serial,35
9.19258175,Async Serial,32
9.20258674,Async Serial,31
9.21258315,Async Serial,28
9.22258791,Async Serial,25
9.23259344,Async Serial,21
9.2425989,Async Serial,19
9.25260382,Async Serial,15
9.26260019,Async Serial,14
9.27260569,Async Serial,14
9.2826113,Async Serial,15
9.29260817,Async Serial,18
9.30261346,Async Serial,21
9.3126197,Async Serial,27
9.3226165,Async Serial,32
9.3326218,Async Serial,37
9.34262682,Async Serial,40
9.35262317,Async Serial,44
9.36262723,Async Serial,44
9.37263921,Async Serial,44
9.38263411,Async Serial,40
9.39263811,Async Serial,38
9.40264242,Async Serial,36
9.41264716,Async Serial,32
9.42264336,Async Serial,31
9.4326489,Async Serial,32
9.44265502,Async Serial,31
9.45265186,Async Serial,32
9.46265642,Async Serial,31
9.47266115,Async Serial,31
9.48266495,Async Serial,30
9.49266915,Async Serial,30
9.50266496,Async Serial,31
9.51266836,Async Serial,31
9.52267298,Async Serial,32
9.53267768,Async Serial,32
9.54268163,Async Serial,35
9.55268561,Async Serial,36
9.56268915,Async Serial,39
9.57269315,Async Serial,41
9.5826885,Async Serial,44
9.59269161,Async Serial,47
9.60270476,Async Serial,50
9.61269923,Async Serial,52
9.62270275,Async Serial,52
9.6327064,Async Serial,52
9.64271001,Async Serial,50
9.65271422,Async Serial,48
9.66271923,Async Serial,45
9.67271544,Async Serial,43
9.68272067,Async Serial,39
9.69272575,Async Serial,39
9.70272176,Async Serial,37
9.71272698,Async Serial,39
9.72273189,Async Serial,40
9.73273684,Async Serial,40
9.74274153,Async Serial,39
9.75273698,Async Serial,38
9.76274171,Async Serial,39
9.7727469,Async Serial,40
9.78275209,Async Serial,42
9.79274847,Async Serial,42
9.80275459,Async Serial,42
9.81276036,Async Serial,45
9.82275811,Async Serial,46
9.832764,Async Serial,45
9.84276969,Async Serial,44
9.85276625,Async Serial,42
9.86277123,Async Serial,40
9.87276818,Async Serial,37
9.88278185,Async Serial,33
9.8927778,Async Serial,29
9.90278163,Async Serial,26
9.91278645,Async Serial,21
9.92278307,Async Serial,19
9.93278803,Async Serial,18
9.94279267,Async Serial,17
9.95279715,Async Serial,19
9.96280163,Async Serial,21
9.97279762,Async Serial,22
9.98280211,Async Serial,25
9.99280723,Async Serial,26
10.00281298,Async Serial,27
10.01281011,Async Serial,28
10.02281523,Async Serial,30
10.03282002,Async Serial,31
10.04282505,Async Serial,31
10.05282211,Async Serial,32
10.06282771,Async Serial,34
10.07283356,Async Serial,32
10.08283042,Async Serial,33
10.09283526,Async Serial,32
10.10283971,Async Serial,31
10.11284419,Async Serial,29
10.12284025,Async Serial,28
10.14284867,Async Serial,29
10.15285315,Async Serial,29
10.16285753,Async Serial,29
10.17286194,Async Serial,30
10.18285819,Async Serial,31
10.19286397,Async Serial,33
10.20286099,Async Serial,35
10.21286682,Async Serial,37
10.22287186,Async Serial,40
10.23287586,Async Serial,42
10.24288032,Async Serial,42
10.2528848,Async Serial,42
10.26288163,Async Serial,43
10.27288665,Async Serial,40
10.28289073,Async Serial,41
10.2928949,Async Serial,46
10.30289986,Async Serial,48
10.3128965,Async Serial,53
10.32290275,Async Serial,54
10.33290014,Async Serial,57
10.34290498,Async Serial,58
10.35291009,Async Serial,57
10.36291505,Async Serial,57
10.37291929,Async Serial,57
10.38291523,Async Serial,57
10.3929189,Async Serial,59
10.40292355,Async Serial,58
10.41292791,Async Serial,54
10.42292436,Async Serial,52
10.43293186,Async Serial,47
10.44293763,Async Serial,44
10.45293523,Async Serial,40
10.46294132,Async Serial,36
10.47294688,Async Serial,32
10.48295152,Async Serial,32
10.4929485,Async Serial,30
10.50295459,Async Serial,29
10.51295284,Async Serial,25
10.52295955,Async Serial,24
10.53295715,Async Serial,24
10.54296321,Async Serial,24
10.55296862,Async Serial,24
10.56296634,Async Serial,23
10.5729729,Async Serial,24
10.58297923,Async Serial,24
10.59297636,Async Serial,25
10.60298166,Async Serial,25
10.61297792,Async Serial,23
10.62298194,Async Serial,22
10.63298723,Async Serial,20
10.64299315,Async Serial,18
10.65299878,Async Serial,17
10.6629949,Async Serial,18
10.67300096,Async Serial,18
10.68299842,Async Serial,21
10.69300367,Async Serial,23
10.70300927,Async Serial,27
10.71301416,Async Serial,30
10.72301749,Async Serial,33
10.73301265,Async Serial,35
10.74301752,Async Serial,38
10.75302321,Async Serial,42
10.76302084,Async Serial,44
10.7730269,Async Serial,48
10.78303236,Async Serial,48
10.79302971,Async Serial,51
10.80303628,Async Serial,53
10.81303427,Async Serial,55
10.82304211,Async Serial,56
10.83304105,Async Serial,57
10.8430485,Async Serial,55
10.85305569,Async Serial,55
10.86305435,Async Serial,51
10.87305169,Async Serial,44
10.8830589,Async Serial,40
10.89306546,Async Serial,35
10.90306398,Async Serial,34
10.91307028,Async Serial,32
10.92306865,Async Serial,29
10.93307555,Async Serial,29
10.94307428,Async Serial,32
10.95308126,Async Serial,38
10.96307882,Async Serial,46
10.97308506,Async Serial,55
10.98309082,Async Serial,61
10.99308827,Async Serial,67
11.00309506,Async Serial,68
11.01309296,Async Serial,67
11.02309811,Async Serial,65
11.03309513,Async Serial,59
11.04310098,Async Serial,53
11.05310642,Async Serial,49
11.06311296,Async Serial,46
11.07310909,Async Serial,47
11.08311374,Async Serial,46
11.09311922,Async Serial,44
11.10311555,Async Serial,44
11.11312115,Async Serial,43
11.12312592,Async Serial,40
11.13313104,Async Serial,39
11.14312707,Async Serial,35
11.15313248,Async Serial,34
11.16313636,Async Serial,33
11.17313922,Async Serial,28
11.18314248,Async Serial,25
11.19314642,Async Serial,22
11.20315011,Async Serial,18
11.21315359,Async Serial,17
11.22315761,Async Serial,14
11.23315284,Async Serial,14
11.24315807,Async Serial,12
11.25316323,Async Serial,8
11.26316911,Async Serial,6
11.27316582,Async Serial,3
11.2831712,Async Serial,2
11.29317594,Async Serial,4
11.30317236,Async Serial,8
11.31317794,Async Serial,11
11.32318371,Async Serial,12
11.33318034,Async Serial,13
11.34318594,Async Serial,15
11.35319075,Async Serial,20
11.36319763,Async Serial,27
11.37319538,Async Serial,37
11.38320146,Async Serial,52
11.39319888,Async Serial,68
11.40319602,Async Serial,87
11.41321064,Async Serial,104
11.42321603,Async Serial,111
11.43321236,Async Serial,107
11.44321715,Async Serial,96
11.45322115,Async Serial,82
11.46321732,Async Serial,74
11.47322259,Async Serial,58
11.48322803,Async Serial,46
11.49323369,Async Serial,35
11.50323123,Async Serial,26
11.51323811,Async Serial,22
11.52323591,Async Serial,18
11.53324132,Async Serial,18
11.54324682,Async Serial,16
11.55324416,Async Serial,16
11.56324873,Async Serial,18
11.57325293,Async Serial,19
11.58325746,Async Serial,18
11.59325411,Async Serial,17
11.60325897,Async Serial,15
11.61326321,Async Serial,17
11.62326752,Async Serial,15
11.63327236,Async Serial,15
11.64326915,Async Serial,15
11.65327411,Async Serial,14
11.66327852,Async Serial,15
11.67328282,Async Serial,14
11.6832862,Async Serial,16
11.69328105,Async Serial,17
11.70328458,Async Serial,17
11.71328818,Async Serial,18
11.72329284,Async Serial,20
11.73329732,Async Serial,24
11.74330158,Async Serial,27
11.75330594,Async Serial,32
11.76330132,Async Serial,38
11.77330611,Async Serial,41
11.78331155,Async Serial,40
11.79331792,Async Serial,40
11.80331536,Async Serial,47
11.81332145,Async Serial,57
11.82332761,Async Serial,64
11.83332484,Async Serial,71
11.84332954,Async Serial,80
11.85333338,Async Serial,82
11.8633378,Async Serial,82
11.87333476,Async Serial,83
11.88334057,Async Serial,86
11.89334654,Async Serial,81
11.90334436,Async Serial,71
11.91335028,Async Serial,59
11.9233473,Async Serial,52
11.93335347,Async Serial,43
11.9433513,Async Serial,38
11.95335852,Async Serial,33
11.96336546,Async Serial,31
11.9733633,Async Serial,28
11.98336976,Async Serial,26
11.99336707,Async Serial,25
12.00337282,Async Serial,23
12.01337854,Async Serial,21
12.02337578,Async Serial,17
12.03338146,Async Serial,13
12.04338786,Async Serial,13
12.0533853,Async Serial,11
12.06339057,Async Serial,11
12.07339667,Async Serial,12
12.08339203,Async Serial,14
12.09339698,Async Serial,18
12.10340161,Async Serial,20
12.11340611,Async Serial,24
12.12340227,Async Serial,26
12.13340786,Async Serial,29
12.14341321,Async Serial,31
12.15341746,Async Serial,32
12.16342159,Async Serial,34
12.17342628,Async Serial,33
12.18342242,Async Serial,33
12.19342703,Async Serial,33
12.20343219,Async Serial,32
12.21342915,Async Serial,32
12.22343377,Async Serial,32
12.23343907,Async Serial,36
12.24344419,Async Serial,39
12.25343966,Async Serial,42
12.26344361,Async Serial,47
12.27344915,Async Serial,50
12.28345449,Async Serial,53
12.29345202,Async Serial,55
12.30345876,Async Serial,57
12.31346436,Async Serial,57
12.32346121,Async Serial,58
12.33346642,Async Serial,59
12.34347192,Async Serial,61
12.35346915,Async Serial,63
12.36347586,Async Serial,60
12.37348211,Async Serial,59
12.38348019,Async Serial,54
12.39347907,Async Serial,48
12.40348609,Async Serial,39
12.41348467,Async Serial,31
12.42349298,Async Serial,25
12.43349219,Async Serial,24
12.44350003,Async Serial,21
12.45349842,Async Serial,23
12.46350515,Async Serial,23
12.47350323,Async Serial,27
12.4835098,Async Serial,30
12.49350826,Async Serial,32
12.50351592,Async Serial,36
12.51351496,Async Serial,39
12.52352127,Async Serial,42
12.53351947,Async Serial,42
12.54352659,Async Serial,41
12.55352481,Async Serial,38
12.56353138,Async Serial,36
12.5735289,Async Serial,32
12.58353571,Async Serial,29
12.59354211,Async Serial,27
12.60353979,Async Serial,24
12.61354628,Async Serial,25
12.62354343,Async Serial,26
12.63354985,Async Serial,27
12.64355649,Async Serial,29
12.65355522,Async Serial,32
12.66356254,Async Serial,33
12.67355978,Async Serial,32
12.68356529,Async Serial,32
12.6935624,Async Serial,31
12.70356784,Async Serial,30
12.71357465,Async Serial,30
12.72358177,Async Serial,30
12.7335793,Async Serial,29
12.74357756,Async Serial,31
12.75358371,Async Serial,32
12.76358228,Async Serial,34
12.77358932,Async Serial,34
12.78358803,Async Serial,36
12.79359442,Async Serial,35
12.80359209,Async Serial,33
12.81359873,Async Serial,34
12.82360498,Async Serial,32
12.83361113,Async Serial,32
12.84360898,Async Serial,33
12.85360659,Async Serial,32
12.8636128,Async Serial,36
12.87361868,Async Serial,39
12.88361555,Async Serial,42
12.89362045,Async Serial,44
12.90362512,Async Serial,45
12.91363059,Async Serial,46
12.92362707,Async Serial,48
12.93363258,Async Serial,49
12.94363859,Async Serial,48
12.95364435,Async Serial,47
12.96364166,Async Serial,47
12.97364738,Async Serial,47
12.98364509,Async Serial,45
12.99365059,Async Serial,45
13.00365634,Async Serial,45
13.01366174,Async Serial,44
13.02365859,Async Serial,42
13.0336649,Async Serial,40
13.04366265,Async Serial,35
13.05366963,Async Serial,30
13.06366771,Async Serial,26
13.07367475,Async Serial,26
13.08367298,Async Serial,26
13.09367923,Async Serial,29
13.10368538,Async Serial,31
13.11368385,Async Serial,34
13.12369057,Async Serial,36
13.13368784,Async Serial,36
13.14369459,Async Serial,38
13.15369265,Async Serial,38
13.16369904,Async Serial,39
13.17369684,Async Serial,38
13.18370319,Async Serial,36
13.19371028,Async Serial,34
13.20370889,Async Serial,32
13.21371586,Async Serial,30
13.22371296,Async Serial,28
13.23371842,Async Serial,27
13.24372425,Async Serial,28
13.2537216,Async Serial,28
13.26372826,Async Serial,28
13.27373437,Async Serial,27
13.28373123,Async Serial,30
13.29373723,Async Serial,31
13.30374365,Async Serial,33
13.31374163,Async Serial,34
13.3237397,Async Serial,35
13.33374617,Async Serial,34
13.34375171,Async Serial,36
13.35374865,Async Serial,36
13.36375488,Async Serial,35
13.37376113,Async Serial,35
13.38375938,Async Serial,33
13.39376611,Async Serial,34
13.40376386,Async Serial,34
13.41376963,Async Serial,35
13.42377555,Async Serial,35
13.43377191,Async Serial,35
13.44377746,Async Serial,34
13.45377538,Async Serial,35
13.46378153,Async Serial,33
13.47378816,Async Serial,33
13.48379358,Async Serial,34
13.49379042,Async Serial,33
13.50379609,Async Serial,32
13.51379321,Async Serial,32
13.52379848,Async Serial,32
13.53380465,Async Serial,32
13.54381075,Async Serial,32
13.55380833,Async Serial,33
13.56381394,Async Serial,36
13.57381155,Async Serial,37
13.58381763,Async Serial,38
13.59382386,Async Serial,40
13.60382186,Async Serial,39
13.61382769,Async Serial,42
13.62383374,Async Serial,42
13.63383219,Async Serial,40
13.64382994,Async Serial,41
13.65383632,Async Serial,41
13.6638429,Async Serial,40
13.67383971,Async Serial,39
13.68384546,Async Serial,38
13.69385186,Async Serial,39
13.70384914,Async Serial,39
13.71385434,Async Serial,38
13.72385865,Async Serial,39
13.73385507,Async Serial,41
13.74386057,Async Serial,42
13.7538654,Async Serial,42
13.76387014,Async Serial,44
13.77387503,Async Serial,47
13.78387346,Async Serial,47
13.7938709,Async Serial,46
13.80387706,Async Serial,44
13.8138829,Async Serial,40
13.82388098,Async Serial,37
13.83388659,Async Serial,31
13.84389284,Async Serial,27
13.85388978,Async Serial,23
13.86389586,Async Serial,19
13.87390211,Async Serial,18
13.88389842,Async Serial,18
13.89390293,Async Serial,17
13.90390771,Async Serial,20
13.91391186,Async Serial,24
13.92390743,Async Serial,30
13.93391202,Async Serial,35
13.94391783,Async Serial,39
13.9539218,Async Serial,44
13.9639269,Async Serial,49
13.97393082,Async Serial,52
13.98392583,Async Serial,54
13.99392946,Async Serial,52
14.00393334,Async Serial,47
14.0139378,Async Serial,43
14.02394307,Async Serial,38
14.03394819,Async Serial,33
14.0439445,Async Serial,30
14.05394879,Async Serial,26
14.06395236,Async Serial,24
14.07395658,Async Serial,22
14.08395298,Async Serial,24
14.09395759,Async Serial,26
14.10396259,Async Serial,28
14.11396794,Async Serial,29
14.1239645,Async Serial,34
14.13397027,Async Serial,35
14.14397636,Async Serial,37
14.15397385,Async Serial,39
14.16397907,Async Serial,41
14.17398467,Async Serial,41
14.18399075,Async Serial,40
14.19398842,Async Serial,38
14.20399363,Async Serial,37
14.2139904,Async Serial,37
14.22399713,Async Serial,37
14.2340029,Async Serial,37
14.24400867,Async Serial,35
14.25400601,Async Serial,36
14.2640038,Async Serial,36
14.27401164,Async Serial,36
14.28401763,Async Serial,35
14.29401519,Async Serial,35
14.30402153,Async Serial,36
14.31401955,Async Serial,34
14.32402703,Async Serial,34
14.33402532,Async Serial,33
14.34403155,Async Serial,34
14.35402963,Async Serial,33
14.36403569,Async Serial,33
14.37403428,Async Serial,34
14.38404192,Async Serial,35
14.39404009,Async Serial,37
14.40404707,Async Serial,37
14.41405338,Async Serial,36
14.42405923,Async Serial,37
14.43405636,Async Serial,37
14.44406177,Async Serial,35
14.45405916,Async Serial,34
14.4640648,Async Serial,35
14.47406227,Async Serial,33
14.48406817,Async Serial,33
14.49407382,Async Serial,34
14.50407075,Async Serial,33
14.51407634,Async Serial,33
14.52408121,Async Serial,33
14.53408642,Async Serial,35
14.54408433,Async Serial,34
14.55409123,Async Serial,36
14.56408832,Async Serial,35
14.57409482,Async Serial,37
14.58409267,Async Serial,37
14.5940998,Async Serial,37
14.60410659,Async Serial,37
14.61410415,Async Serial,37
14.62411017,Async Serial,35
14.63411586,Async Serial,34
14.64411427,Async Serial,34
14.65411344,Async Serial,35
14.66411986,Async Serial,35
14.67412675,Async Serial,35
14.68412352,Async Serial,35
14.69412848,Async Serial,34
14.70413411,Async Serial,36
14.71413065,Async Serial,36
14.72413578,Async Serial,36
14.73414115,Async Serial,35
14.74413874,Async Serial,35
14.75414484,Async Serial,35
14.76415034,Async Serial,36
14.77414755,Async Serial,34
14.7841525,Async Serial,34
14.79415713,Async Serial,34
14.80416156,Async Serial,34
14.81416563,Async Serial,34
14.82416154,Async Serial,34
14.83416659,Async Serial,34
14.84417155,Async Serial,34
14.8541749,Async Serial,36
14.8641778,Async Serial,36
14.87418084,Async Serial,36
14.88418323,Async Serial,36
14.89418586,Async Serial,35
14.90418818,Async Serial,36
14.91419059,Async Serial,34
14.92419439,Async Serial,34
14.93419936,Async Serial,34
14.94420349,Async Serial,36
14.95419907,Async Serial,36
14.9642029,Async Serial,36
14.97420697,Async Serial,36
14.98421186,Async Serial,34
14.99421641,Async Serial,34
15.00421219,Async Serial,34
15.01421777,Async Serial,34
15.02422267,Async Serial,35
15.03422812,Async Serial,35
15.04422467,Async Serial,36
15.05422905,Async Serial,36
15.06423346,Async Serial,36
15.07423746,Async Serial,36
15.08424247,Async Serial,36
15.09423806,Async Serial,36
15.10424305,Async Serial,36
15.1142504,Async Serial,36
15.12424665,Async Serial,36
15.13425234,Async Serial,34
15.14425856,Async Serial,35
15.15425523,Async Serial,34
15.16426153,Async Serial,34
15.1742664,Async Serial,34
15.18426242,Async Serial,35
15.19426738,Async Serial,35
15.20427209,Async Serial,34
15.21427715,Async Serial,36
15.22428223,Async Serial,36
15.23427761,Async Serial,36
15.24428338,Async Serial,36
15.25428848,Async Serial,36
15.26428498,Async Serial,35
15.27429027,Async Serial,34
15.28429538,Async Serial,34
15.29429971,Async Serial,34
15.30430273,Async Serial,36
15.31430628,Async Serial,35
15.32430227,Async Serial,36
15.33430784,Async Serial,36
15.34431267,Async Serial,36
15.3543169,Async Serial,36
15.36432159,Async Serial,35
15.37431673,Async Serial,34
15.38432135,Async Serial,36
15.39432532,Async Serial,35
15.40432863,Async Serial,34
15.41433234,Async Serial,36
15.42433594,Async Serial,36
15.43433955,Async Serial,35
15.44433482,Async Serial,34
15.45433875,Async Serial,35
15.46434163,Async Serial,35
15.47434484,Async Serial,36
15.4843477,Async Serial,36
15.49435169,Async Serial,36
15.50435523,Async Serial,36
15.51435859,Async Serial,36
15.52436178,Async Serial,36
15.5343658,Async Serial,34
15.54437055,Async Serial,34
15.55436675,Async Serial,35
15.56437284,Async Serial,35
15.57437848,Async Serial,35
15.58437555,Async Serial,35
15.59438084,Async Serial,34
15.60438689,Async Serial,34
15.6143829,Async Serial,34
15.62438707,Async Serial,34
15.63439136,Async Serial,36
15.6443965,Async Serial,36
15.65440073,Async Serial,36
15.66440532,Async Serial,35
15.67440125,Async Serial,34
15.68440582,Async Serial,34
15.69441059,Async Serial,34
15.70441639,Async Serial,34
15.71441315,Async Serial,35
15.72441811,Async Serial,34
15.73442386,Async Serial,34
15.74442124,Async Serial,34
15.75442659,Async Serial,35
15.76443161,Async Serial,36
15.7744366,Async Serial,36
15.78443284,Async Serial,36
15.79443862,Async Serial,36
15.8044349,Async Serial,36
15.81444019,Async Serial,36
15.82444515,Async Serial,35
15.83444974,Async Serial,35
15.8444549,Async Serial,33
15.85445155,Async Serial,33
15.86445667,Async Serial,34
15.87446223,Async Serial,34
15.88446654,Async Serial,34
15.89446315,Async Serial,35
15.90446755,Async Serial,34
15.91447267,Async Serial,36
15.9244778,Async Serial,36
15.93447379,Async Serial,36
15.94447888,Async Serial,36
15.95448386,Async Serial,36
15.96448867,Async Serial,35
15.97448419,Async Serial,35
15.98448961,Async Serial,35
15.99449456,Async Serial,33
16.00449955,Async Serial,34
16.01449619,Async Serial,33
16.02450163,Async Serial,34
16.03450642,Async Serial,34
16.04451075,Async Serial,35
16.05451523,Async Serial,34
16.06451107,Async Serial,36
16.07451698,Async Serial,36
16.08452067,Async Serial,36
16.09452479,Async Serial,37
16.10451991,Async Serial,37
16.11452419,Async Serial,35
16.12452921,Async Serial,35
16.1345344,Async Serial,35
16.1445309,Async Serial,36
16.15453642,Async Serial,35
16.16454132,Async Serial,35
16.17454566,Async Serial,35
16.1845498,Async Serial,36
16.19455442,Async Serial,35
16.20455103,Async Serial,35
16.21455619,Async Serial,37
16.2245605,Async Serial,37
16.23455667,Async Serial,37
16.24456132,Async Serial,36
16.25456688,Async Serial,38
16.26457202,Async Serial,37
16.30458163,Async Serial,39
16.31458611,Async Serial,37
16.32459065,Async Serial,36
16.334596,Async Serial,35
16.34459304,Async Serial,35
16.35459895,Async Serial,34
16.36459586,Async Serial,35
16.37460098,Async Serial,33
16.38460611,Async Serial,35
16.39461123,Async Serial,35
16.40461538,Async Serial,36
16.41461075,Async Serial,36
16.42461586,Async Serial,36
16.43462036,Async Serial,36
16.44462436,Async Serial,35
16.45461971,Async Serial,35
16.46462392,Async Serial,34
16.47462911,Async Serial,32
16.48463523,Async Serial,32
16.49463138,Async Serial,31
16.50463619,Async Serial,30
16.51464131,Async Serial,31
16.52464657,Async Serial,32
16.53465107,Async Serial,32
16.54464659,Async Serial,33
16.55465155,Async Serial,35
16.56465619,Async Serial,35
16.57466041,Async Serial,36
16.58466442,Async Serial,36
16.59466042,Async Serial,36
16.6046658,Async Serial,37
16.61467168,Async Serial,37
16.62466845,Async Serial,37
16.63467434,Async Serial,35
16.64467938,Async Serial,35
16.65467601,Async Serial,36
16.66468259,Async Serial,36
16.67468792,Async Serial,34
16.68469311,Async Serial,34
16.69468972,Async Serial,34
16.70469482,Async Serial,35
16.72469673,Async Serial,34
16.73470228,Async Serial,33
16.74470867,Async Serial,32
16.75470601,Async Serial,34
16.76471234,Async Serial,33
16.77470915,Async Serial,34
16.78471636,Async Serial,35
16.79471483,Async Serial,36
16.80472134,Async Serial,36
16.81472771,Async Serial,34
16.82472575,Async Serial,34
16.83473166,Async Serial,34
16.84473777,Async Serial,34
16.85473488,Async Serial,34
16.86473961,Async Serial,35
16.87474436,Async Serial,34
16.88474946,Async Serial,35
16.8947449,Async Serial,36
16.90474915,Async Serial,35
16.91475428,Async Serial,34
16.92475875,Async Serial,34
16.93475488,Async Serial,35
16.9447605,Async Serial,34
16.95476705,Async Serial,34
16.96476457,Async Serial,33
16.9747709,Async Serial,34
16.98476816,Async Serial,34
16.99477276,Async Serial,33
17.00477642,Async Serial,34
17.01478057,Async Serial,33
17.02478529,Async Serial,35
17.03478938,Async Serial,34
17.04478611,Async Serial,35
17.05479107,Async Serial,35
17.064796,Async Serial,36
17.07480073,Async Serial,37
17.08480545,Async Serial,37
17.09480194,Async Serial,39
17.10480738,Async Serial,40
17.114812,Async Serial,40
17.1248165,Async Serial,40
17.13481313,Async Serial,42
17.14481817,Async Serial,43
17.15482303,Async Serial,43
17.16482857,Async Serial,45
17.1748258,Async Serial,44
17.18483059,Async Serial,44
17.19483571,Async Serial,43
17.20483242,Async Serial,42
17.21483828,Async Serial,43
17.22484371,Async Serial,42
17.23484932,Async Serial,39
17.24484688,Async Serial,38
17.25485248,Async Serial,37
17.26484867,Async Serial,36
17.27485346,Async Serial,34
17.28485865,Async Serial,32
17.29486381,Async Serial,32
17.30486066,Async Serial,29
17.31486638,Async Serial,29
17.324872,Async Serial,29
17.33486889,Async Serial,30
17.3448743,Async Serial,30
17.35487952,Async Serial,30
17.36487686,Async Serial,31
17.3748833,Async Serial,34
17.38488113,Async Serial,35
17.39488673,Async Serial,36
17.40489236,Async Serial,36
17.41488986,Async Serial,37
17.42489536,Async Serial,38
17.43490115,Async Serial,37
17.44490723,Async Serial,38
17.45490432,Async Serial,35
17.46490932,Async Serial,34
17.47491457,Async Serial,34
17.4849109,Async Serial,32
17.49491506,Async Serial,31
17.50491887,Async Serial,30
17.51492371,Async Serial,29
17.5249205,Async Serial,29
17.53492563,Async Serial,29
17.54493107,Async Serial,30
17.55493619,Async Serial,29
17.56493315,Async Serial,31
17.57493801,Async Serial,32
17.58494323,Async Serial,33
17.59494825,Async Serial,33
17.6049445,Async Serial,32
17.62495434,Async Serial,32
17.63495923,Async Serial,32
17.64495636,Async Serial,33
17.6549624,Async Serial,32
17.66496003,Async Serial,31
17.67496546,Async Serial,31
17.68497123,Async Serial,32
17.69496873,Async Serial,32
17.70497538,Async Serial,33
17.7149749,Async Serial,34
17.72498224,Async Serial,33
17.73498105,Async Serial,34
17.74498944,Async Serial,34
17.75498921,Async Serial,35
17.76498836,Async Serial,36
17.77499561,Async Serial,37
17.78500323,Async Serial,38
17.79500098,Async Serial,40
17.80499971,Async Serial,42
17.81500802,Async Serial,44
17.82500791,Async Serial,44
17.83501507,Async Serial,44
17.8450129,Async Serial,46
17.85501923,Async Serial,45
17.8650165,Async Serial,45
17.8750229,Async Serial,45
17.88502932,Async Serial,45
17.89502675,Async Serial,48
17.90503267,Async Serial,49
17.91502957,Async Serial,49
17.9250361,Async Serial,50
17.9350349,Async Serial,49
17.94504121,Async Serial,46
17.95504814,Async Serial,43
17.96504594,Async Serial,40
17.97505229,Async Serial,34
17.98505746,Async Serial,28
17.99505411,Async Serial,25
18.00505969,Async Serial,23
18.01506484,Async Serial,23
18.0250624,Async Serial,24
18.03507074,Async Serial,28
18.04506849,Async Serial,31
18.05507464,Async Serial,34
18.06508084,Async Serial,38
18.07507794,Async Serial,41
18.08508386,Async Serial,41
18.0950807,Async Serial,41
18.10508611,Async Serial,40
18.11509171,Async Serial,38
18.1250889,Async Serial,34
18.13509496,Async Serial,30
18.14510143,Async Serial,27
18.15509904,Async Serial,25
18.1651049,Async Serial,25
18.17511034,Async Serial,24
18.18510798,Async Serial,25
18.19511386,Async Serial,26
18.20511967,Async Serial,27
18.21511713,Async Serial,30
18.22512275,Async Serial,31
18.23512036,Async Serial,32
18.24512653,Async Serial,32
18.255132,Async Serial,34
18.26513657,Async Serial,34
18.27513138,Async Serial,34
18.28513555,Async Serial,33
18.29513946,Async Serial,31
18.30514396,Async Serial,31
18.31514896,Async Serial,32
18.32514463,Async Serial,32
18.33515011,Async Serial,33
18.34515485,Async Serial,33
18.35515918,Async Serial,33
18.36516371,Async Serial,34
18.37516814,Async Serial,34
18.38516419,Async Serial,35
18.39516857,Async Serial,35
18.40517332,Async Serial,35
18.41517951,Async Serial,36
18.42517586,Async Serial,36
18.43518084,Async Serial,36
18.44518532,Async Serial,36
18.45518963,Async Serial,38
18.46518546,Async Serial,41
18.47519065,Async Serial,45
18.48519602,Async Serial,47
18.49520319,Async Serial,50
18.50519907,Async Serial,50
18.51520451,Async Serial,49
18.52520115,Async Serial,50
18.53520578,Async Serial,47
18.54521074,Async Serial,45
18.55521538,Async Serial,42
18.56522026,Async Serial,43
18.57521619,Async Serial,42
18.58522098,Async Serial,40
18.59522611,Async Serial,40
18.60523011,Async Serial,40
18.61523411,Async Serial,40
18.62523848,Async Serial,37
18.63523424,Async Serial,37
18.64523938,Async Serial,34
18.65524369,Async Serial,34
18.66524761,Async Serial,33
18.6752529,Async Serial,34
18.68524896,Async Serial,34
18.69525346,Async Serial,34
18.70525811,Async Serial,35
18.71526163,Async Serial,34
18.72526515,Async Serial,35
18.73526017,Async Serial,37
18.74526369,Async Serial,37
18.75526768,Async Serial,34
18.76527202,Async Serial,32
18.77527684,Async Serial,31
18.78528171,Async Serial,29
18.79527732,Async Serial,28
18.80528305,Async Serial,27
18.81528873,Async Serial,25
18.83529024,Async Serial,26
18.84529634,Async Serial,29
18.85529346,Async Serial,30
18.86529882,Async Serial,31
18.87530307,Async Serial,33
18.88530738,Async Serial,33
18.89530563,Async Serial,34
18.90531233,Async Serial,33
18.91530994,Async Serial,32
18.92531601,Async Serial,33
18.93532132,Async Serial,31
18.9453264,Async Serial,32
18.95532378,Async Serial,30
18.96532913,Async Serial,31
18.97533377,Async Serial,31
18.9853311,Async Serial,30
18.99533693,Async Serial,31
19.0053435,Async Serial,30
19.01534063,Async Serial,31
19.02534594,Async Serial,32
19.03535233,Async Serial,32
19.04534994,Async Serial,32
19.05535684,Async Serial,33
19.06535538,Async Serial,31
19.07536259,Async Serial,33
19.08536174,Async Serial,33
19.0953685,Async Serial,35
19.1053669,Async Serial,34
19.11537312,Async Serial,35
19.12537075,Async Serial,37
19.13537684,Async Serial,39
19.14538272,Async Serial,40
19.15537986,Async Serial,42
19.16538563,Async Serial,44
19.17539213,Async Serial,46
19.18538973,Async Serial,46
19.19539681,Async Serial,46
19.20539598,Async Serial,47
19.21540371,Async Serial,46
19.22540271,Async Serial,46
19.23540138,Async Serial,46
19.24540844,Async Serial,46
19.25540932,Async Serial,47
19.26541687,Async Serial,48
19.2754169,Async Serial,51
19.28541536,Async Serial,49
19.29542307,Async Serial,47
19.30542926,Async Serial,44
19.31542699,Async Serial,42
19.32543359,Async Serial,37
19.33543068,Async Serial,32
19.34543619,Async Serial,27
19.35544228,Async Serial,26
19.36544002,Async Serial,25
19.37544515,Async Serial,26
19.38545075,Async Serial,27
19.39544851,Async Serial,31
19.40545566,Async Serial,34
19.41545346,Async Serial,36
19.4254601,Async Serial,38
19.43545777,Async Serial,37
19.44546348,Async Serial,40
19.45546963,Async Serial,40
19.46546802,Async Serial,39
19.47547476,Async Serial,38
19.48547241,Async Serial,36
19.49547859,Async Serial,32
19.50548498,Async Serial,30
19.51548307,Async Serial,27
19.5254889,Async Serial,24
19.53549404,Async Serial,24
19.54549164,Async Serial,25
19.5554978,Async Serial,25
19.56549507,Async Serial,27
19.57550098,Async Serial,29
19.58550738,Async Serial,32
19.5955045,Async Serial,33
19.60550986,Async Serial,34
19.61551738,Async Serial,33
19.62551586,Async Serial,34
19.63552234,Async Serial,33
19.64552041,Async Serial,31
19.65552814,Async Serial,31
19.66552703,Async Serial,32
19.67553465,Async Serial,32
19.68553377,Async Serial,32
19.69553298,Async Serial,32
19.70554114,Async Serial,33
19.71554036,Async Serial,31
19.72554825,Async Serial,32
19.73554741,Async Serial,32
19.7455453,Async Serial,34
19.75555213,Async Serial,34
19.76555801,Async Serial,35
19.77555555,Async Serial,34
19.78556172,Async Serial,36
19.79556817,Async Serial,34
19.80556528,Async Serial,34
19.8155709,Async Serial,37
19.82556938,Async Serial,39
19.84558048,Async Serial,49
19.85558673,Async Serial,53
19.8655838,Async Serial,54
19.87558915,Async Serial,53
19.88558588,Async Serial,53
19.89559101,Async Serial,53
19.90559609,Async Serial,50
19.91559315,Async Serial,50
19.92559923,Async Serial,48
19.93560451,Async Serial,46
19.9456089,Async Serial,43
19.95560415,Async Serial,41
19.96560755,Async Serial,37
19.97561138,Async Serial,36
19.98561507,Async Serial,32
19.99561932,Async Serial,29
20.00562436,Async Serial,30
20.01562893,Async Serial,30
20.02562542,Async Serial,31
20.03562946,Async Serial,31
20.04563428,Async Serial,33
20.05563808,Async Serial,33
20.06564208,Async Serial,33
20.07564554,Async Serial,35
20.08564994,Async Serial,35
20.09564633,Async Serial,35
20.10565186,Async Serial,35
20.11564932,Async Serial,34
20.12565541,Async Serial,33
20.13565236,Async Serial,32
20.14566608,Async Serial,28
20.1556613,Async Serial,27
20.16566579,Async Serial,26
20.17567011,Async Serial,27
20.18567488,Async Serial,27
20.19567938,Async Serial,28
20.20567455,Async Serial,29
20.21567896,Async Serial,30
20.22568275,Async Serial,31
20.23568654,Async Serial,32
20.24569059,Async Serial,32
20.25569536,Async Serial,33
20.26570009,Async Serial,33
20.27569586,Async Serial,33
20.28570144,Async Serial,32
20.2957058,Async Serial,31
20.30570194,Async Serial,31
20.31570687,Async Serial,30
20.32571057,Async Serial,33
20.33571427,Async Serial,33
20.3457184,Async Serial,32
20.35572228,Async Serial,31
20.36572707,Async Serial,32
20.37572323,Async Serial,32
20.38572802,Async Serial,34
20.39573313,Async Serial,35
20.40573786,Async Serial,34
20.41574259,Async Serial,35
20.42573805,Async Serial,36
20.43574259,Async Serial,37
20.44574707,Async Serial,40
20.45575151,Async Serial,39
20.46574784,Async Serial,42
20.47575411,Async Serial,44
20.48576016,Async Serial,46
20.49576676,Async Serial,49
20.50576518,Async Serial,50
20.51577075,Async Serial,50
20.525768,Async Serial,49
20.53577297,Async Serial,49
20.54577811,Async Serial,50
20.55578242,Async Serial,50
20.56577786,Async Serial,50
20.57578323,Async Serial,51
20.58578791,Async Serial,49
20.59579209,Async Serial,47
20.60578751,Async Serial,43
20.61579155,Async Serial,37
20.62579585,Async Serial,31
20.63579955,Async Serial,24
20.6458029,Async Serial,20
20.65580625,Async Serial,21
20.66580963,Async Serial,22
20.67581323,Async Serial,24
20.68580963,Async Serial,30
20.69581571,Async Serial,34
20.70582033,Async Serial,37
20.71582546,Async Serial,41
20.7258218,Async Serial,45
20.73582703,Async Serial,46
20.74583219,Async Serial,47
20.75582915,Async Serial,43
20.7658338,Async Serial,39
20.77583904,Async Serial,34
20.7858445,Async Serial,32
20.79584108,Async Serial,28
20.80584675,Async Serial,24
20.81585262,Async Serial,23
20.82585042,Async Serial,22
20.83585714,Async Serial,22
20.84585394,Async Serial,23
20.85585978,Async Serial,26
20.86586484,Async Serial,28
20.87586963,Async Serial,30
20.8858745,Async Serial,31
20.89587138,Async Serial,34
20.90587714,Async Serial,34
20.91588242,Async Serial,35
20.92587864,Async Serial,35
20.93588304,Async Serial,34
20.94588884,Async Serial,33
20.95588515,Async Serial,33
20.9658909,Async Serial,33
20.97589649,Async Serial,34
20.98589305,Async Serial,34
20.99589859,Async Serial,34
21.00590386,Async Serial,34
21.0159098,Async Serial,35
21.02590753,Async Serial,35
21.03591346,Async Serial,35
21.04592019,Async Serial,35
21.05591777,Async Serial,36
21.06592354,Async Serial,37
21.07592015,Async Serial,36
21.08592594,Async Serial,36
21.09593184,Async Serial,36
21.10592986,Async Serial,36
21.11593634,Async Serial,35
21.12593417,Async Serial,36
21.13594084,Async Serial,38
21.14593825,Async Serial,40
21.15594467,Async Serial,43
21.16595138,Async Serial,44
21.17594946,Async Serial,46
21.18595609,Async Serial,47
21.19595361,Async Serial,46
21.20596028,Async Serial,45
21.21596614,Async Serial,46
21.22596338,Async Serial,43
21.23596994,Async Serial,44
21.24597636,Async Serial,43
21.25597475,Async Serial,42
21.26598105,Async Serial,41
21.27597839,Async Serial,38
21.28598403,Async Serial,36
21.29598962,Async Serial,34
21.30598592,Async Serial,31
21.31599155,Async Serial,28
21.32599676,Async Serial,28
21.33599332,Async Serial,28
21.34599845,Async Serial,29
21.35600381,Async Serial,30
21.36600873,Async Serial,33
21.3760049,Async Serial,35
21.38600915,Async Serial,35
21.39601482,Async Serial,37
21.40601986,Async Serial,37
21.41601586,Async Serial,38
21.42602084,Async Serial,36
21.43602617,Async Serial,35
21.44603143,Async Serial,35
21.45602752,Async Serial,32
21.46638098,Async Serial,32
21.47603759,Async Serial,30
21.48603442,Async Serial,30
21.49603938,Async Serial,30
21.50604459,Async Serial,30
21.51604988,Async Serial,30
21.52605394,Async Serial,29
21.53605875,Async Serial,31
21.54605363,Async Serial,30
21.55605817,Async Serial,31
21.56606276,Async Serial,33
21.5760589,Async Serial,33
21.5860629,Async Serial,34
21.59606743,Async Serial,35
21.60607236,Async Serial,35
21.61607761,Async Serial,34
21.62607442,Async Serial,33
21.63607968,Async Serial,33
21.64608448,Async Serial,33
21.65608169,Async Serial,34
21.66608802,Async Serial,34
21.67609428,Async Serial,34
21.68609107,Async Serial,33
21.6960965,Async Serial,34
21.70610259,Async Serial,34
21.71609882,Async Serial,34
21.72610302,Async Serial,34
21.73610743,Async Serial,33
21.74611249,Async Serial,33
21.75611711,Async Serial,34
21.76611284,Async Serial,35
21.77611783,Async Serial,35
21.78612228,Async Serial,36
21.79612695,Async Serial,37
21.8061309,Async Serial,39
21.81613507,Async Serial,39
21.8261304,Async Serial,43
21.83613394,Async Serial,42
21.84613763,Async Serial,44
21.8561424,Async Serial,45
21.86614761,Async Serial,44
21.87615267,Async Serial,46
21.88614867,Async Serial,48
21.89615469,Async Serial,49
21.90616028,Async Serial,50
21.91615754,Async Serial,51
21.92616287,Async Serial,50
21.93616896,Async Serial,50
21.9461658,Async Serial,50
21.95617123,Async Serial,46
21.96616906,Async Serial,43
21.97617523,Async Serial,37
21.98618194,Async Serial,33
21.99617938,Async Serial,28
22.00618559,Async Serial,22
22.01619155,Async Serial,21
22.02618797,Async Serial,20
22.03619313,Async Serial,18
22.04619786,Async Serial,22
22.05620275,Async Serial,25
22.0661989,Async Serial,30
22.07620472,Async Serial,34
22.0862113,Async Serial,39
22.09620963,Async Serial,43
22.10621666,Async Serial,46
22.11621471,Async Serial,45
22.12622105,Async Serial,43
22.13621907,Async Serial,41
22.14622515,Async Serial,38
22.15623191,Async Serial,34
22.16623073,Async Serial,31
22.17622957,Async Serial,29
22.18623763,Async Serial,26
22.19623648,Async Serial,25
22.20624419,Async Serial,25
22.21624323,Async Serial,26
22.22625048,Async Serial,29
22.23624867,Async Serial,30
22.24625586,Async Serial,30
22.25625315,Async Serial,32
22.26625917,Async Serial,35
22.27626559,Async Serial,35
22.28626355,Async Serial,37
22.29627028,Async Serial,38
22.30626963,Async Serial,36
22.31626898,Async Serial,36
22.32627677,Async Serial,34
22.33627636,Async Serial,34
22.34628409,Async Serial,33
22.35628214,Async Serial,31
22.36629011,Async Serial,32
22.37628813,Async Serial,30
22.38629459,Async Serial,32
22.39630026,Async Serial,31
22.40629746,Async Serial,33
22.41630352,Async Serial,32
22.42630146,Async Serial,32
22.4363085,Async Serial,34
22.44630592,Async Serial,34
22.45631321,Async Serial,36
22.46631459,Async Serial,36
22.47631394,Async Serial,36
22.48632186,Async Serial,37
22.49632937,Async Serial,36
22.50632786,Async Serial,38
22.51633457,Async Serial,37
22.52633298,Async Serial,38
22.53633152,Async Serial,40
22.54633836,Async Serial,39
22.55633718,Async Serial,41
22.56634464,Async Serial,42
22.57634275,Async Serial,44
22.58635059,Async Serial,45
22.59634979,Async Serial,45
22.60635761,Async Serial,45
22.61635632,Async Serial,45
22.62635533,Async Serial,43
22.6363629,Async Serial,43
22.64636221,Async Serial,41
22.6563698,Async Serial,42
22.6663698,Async Serial,42
22.67637715,Async Serial,42
22.68637662,Async Serial,40
22.69637538,Async Serial,41
22.7063829,Async Serial,40
22.7163818,Async Serial,37
22.72638898,Async Serial,34
22.73638794,Async Serial,33
22.74639536,Async Serial,31
22.75639346,Async Serial,29
22.76640067,Async Serial,28
22.77640755,Async Serial,28
22.78640588,Async Serial,28
22.79640355,Async Serial,30
22.80641025,Async Serial,30
22.81641667,Async Serial,33
22.8264149,Async Serial,35
22.83642186,Async Serial,35
22.84642803,Async Serial,37
22.85642721,Async Serial,36
22.86642561,Async Serial,36
22.8764331,Async Serial,35
22.88643138,Async Serial,35
22.89643841,Async Serial,33
22.90643586,Async Serial,32
22.91644234,Async Serial,31
22.92644898,Async Serial,30
22.93644744,Async Serial,27
22.94644627,Async Serial,28
22.95645442,Async Serial,27
22.96645345,Async Serial,29
22.97646194,Async Serial,29
22.98646098,Async Serial,31
22.9964601,Async Serial,32
23.00646749,Async Serial,32
23.01646675,Async Serial,33
23.02647298,Async Serial,33
23.03647873,Async Serial,32
23.04648434,Async Serial,33
23.05648115,Async Serial,34
23.06647938,Async Serial,33
23.07648577,Async Serial,32
23.08649169,Async Serial,33
23.09648946,Async Serial,33
23.10649586,Async Serial,33
23.11650257,Async Serial,33
23.12650066,Async Serial,35
23.1365069,Async Serial,33
23.14650527,Async Serial,34
23.15651248,Async Serial,35
23.16651088,Async Serial,34
23.17651794,Async Serial,34
23.18651617,Async Serial,34
23.19652228,Async Serial,34
23.20652002,Async Serial,35
23.21652665,Async Serial,35
23.22653284,Async Serial,37
23.2365309,Async Serial,39
23.24653732,Async Serial,40
23.25654369,Async Serial,41
23.26654084,Async Serial,43
23.27654594,Async Serial,44
23.28655194,Async Serial,44
23.29654884,Async Serial,46
23.3065538,Async Serial,45
23.31655107,Async Serial,45
23.32655809,Async Serial,48
23.33656449,Async Serial,48
23.34656161,Async Serial,49
23.35656767,Async Serial,48
23.36656576,Async Serial,48
23.37657236,Async Serial,48
23.38657049,Async Serial,46
23.3965773,Async Serial,45
23.40657584,Async Serial,41
23.41658355,Async Serial,36
23.42658211,Async Serial,32
23.43658963,Async Serial,29
23.44658786,Async Serial,24
23.45659513,Async Serial,22
23.46660115,Async Serial,22
23.47659811,Async Serial,23
23.48660344,Async Serial,25
23.49660898,Async Serial,29
23.50660634,Async Serial,34
23.5166113,Async Serial,35
23.52661622,Async Serial,38
23.53662209,Async Serial,41
23.54662032,Async Serial,42
23.5566184,Async Serial,41
23.56662582,Async Serial,39
23.57662426,Async Serial,37
23.58663181,Async Serial,34
23.59663141,Async Serial,31
23.60663905,Async Serial,29
23.6166368,Async Serial,28
23.62664305,Async Serial,26
23.63664994,Async Serial,27
23.64664867,Async Serial,28
23.65664723,Async Serial,27
23.66665315,Async Serial,28
23.67665969,Async Serial,30
23.68665746,Async Serial,32
23.69666467,Async Serial,34
23.70666242,Async Serial,33
23.71666778,Async Serial,33
23.72667313,Async Serial,33
23.7366709,Async Serial,34
23.74667772,Async Serial,34
23.75667667,Async Serial,32
23.76668399,Async Serial,34
23.77668146,Async Serial,33
23.7866873,Async Serial,34
23.79669356,Async Serial,33
23.80669075,Async Serial,33
23.81669649,Async Serial,33
23.82669411,Async Serial,34
23.83670146,Async Serial,34
23.84670802,Async Serial,35
23.85670546,Async Serial,36
23.86671167,Async Serial,35
23.87671746,Async Serial,36
23.88671455,Async Serial,36
23.89672098,Async Serial,35
23.90671811,Async Serial,38
23.91672467,Async Serial,39
23.92672259,Async Serial,43
23.93672884,Async Serial,44
23.9467349,Async Serial,46
23.95673219,Async Serial,46
23.96673847,Async Serial,47
23.97673598,Async Serial,47
23.98674225,Async Serial,47
23.99674836,Async Serial,45
24.00674514,Async Serial,43
24.01675123,Async Serial,42
24.02675769,Async Serial,42
24.03675538,Async Serial,40
24.04676126,Async Serial,41
24.05676814,Async Serial,40
24.06676648,Async Serial,39
24.07676494,Async Serial,37
24.08677171,Async Serial,36
24.09677004,Async Serial,35
24.10677642,Async Serial,33
24.1167758,Async Serial,32
24.12678371,Async Serial,30
24.13678162,Async Serial,30
24.14678836,Async Serial,30
24.15679406,Async Serial,31
24.16679203,Async Serial,31
24.17679978,Async Serial,32
24.18679794,Async Serial,33
24.19680367,Async Serial,35
24.20680176,Async Serial,36
24.21680786,Async Serial,38
24.22681376,Async Serial,38
24.23681042,Async Serial,36
24.24681644,Async Serial,36
24.2568144,Async Serial,34
24.26682178,Async Serial,32
24.27682001,Async Serial,29
24.28682693,Async Serial,28
24.29683359,Async Serial,26
24.30683153,Async Serial,27
24.31683913,Async Serial,27
24.32683794,Async Serial,28
24.33684472,Async Serial,29
24.34684211,Async Serial,30
24.35684898,Async Serial,31
24.36684712,Async Serial,32
24.37685363,Async Serial,34
24.38685974,Async Serial,33
24.39685648,Async Serial,34
24.40686237,Async Serial,32
24.41686001,Async Serial,33
24.42686659,Async Serial,32
24.43687361,Async Serial,31
24.44687229,Async Serial,32
24.45687938,Async Serial,32
24.46687786,Async Serial,32
24.47687695,Async Serial,31
24.48688326,Async Serial,32
24.49688924,Async Serial,34
24.50689459,Async Serial,34
24.51689118,Async Serial,34
24.52689667,Async Serial,36
24.53689293,Async Serial,36
24.54689684,Async Serial,38
24.55690146,Async Serial,39
24.56690655,Async Serial,39
24.57691226,Async Serial,42
24.5869173,Async Serial,44
24.59691332,Async Serial,44
24.60691827,Async Serial,45
24.61692354,Async Serial,45
24.62692067,Async Serial,46
24.63692659,Async Serial,46
24.64693186,Async Serial,45
24.6569285,Async Serial,46
24.66693442,Async Serial,47
24.67694003,Async Serial,48
24.68693684,Async Serial,50
24.69694403,Async Serial,51
24.70695059,Async Serial,51
24.71694898,Async Serial,49
24.72694681,Async Serial,45
24.7369529,Async Serial,38
24.74696017,Async Serial,31
24.75695978,Async Serial,25
24.76696658,Async Serial,20
24.77696417,Async Serial,18
24.78697222,Async Serial,18
24.79697107,Async Serial,19
24.80697762,Async Serial,21
24.8169749,Async Serial,26
24.82698169,Async Serial,31
24.83697934,Async Serial,36
24.84698608,Async Serial,41
24.85698338,Async Serial,44
24.86698935,Async Serial,47
24.87699555,Async Serial,45
24.88699219,Async Serial,42
24.89699887,Async Serial,39
24.90700498,Async Serial,34
24.91700233,Async Serial,31
24.92700884,Async Serial,29
24.93700721,Async Serial,28
24.9470138,Async Serial,26
24.95701186,Async Serial,26
24.96701789,Async Serial,28
24.97702401,Async Serial,28
24.98702084,Async Serial,30
24.99702744,Async Serial,32
25.00703447,Async Serial,32
25.0170329,Async Serial,35
25.02703958,Async Serial,34
25.03703619,Async Serial,34
25.04704186,Async Serial,33
25.05704825,Async Serial,32
25.06704484,Async Serial,33
25.07705057,Async Serial,31
25.08705617,Async Serial,33
25.09705305,Async Serial,32
25.10705859,Async Serial,33
25.11706532,Async Serial,34
25.12706231,Async Serial,37
25.13706783,Async Serial,37
25.14707353,Async Serial,37
25.15707028,Async Serial,36
25.16707578,Async Serial,34
25.17708098,Async Serial,33
25.18707666,Async Serial,33
25.19708228,Async Serial,37
25.20708755,Async Serial,41
25.21709321,Async Serial,44
25.22708994,Async Serial,49
25.23709615,Async Serial,51
25.24709353,Async Serial,52
25.25709992,Async Serial,54
25.26710546,Async Serial,51
25.27710296,Async Serial,50
25.28710915,Async Serial,47
25.29711586,Async Serial,42
25.30711346,Async Serial,39
25.31712019,Async Serial,36
25.32712619,Async Serial,32
25.33712323,Async Serial,29
25.3471296,Async Serial,28
25.35712713,Async Serial,26
25.36713428,Async Serial,24
25.37713171,Async Serial,24
25.38713831,Async Serial,25
25.39714498,Async Serial,25
25.40714338,Async Serial,26
25.41715088,Async Serial,29
25.42714929,Async Serial,30
25.43714802,Async Serial,32
25.44715538,Async Serial,32
25.45715667,Async Serial,35
25.46716419,Async Serial,36
25.47716275,Async Serial,39
25.4871629,Async Serial,41
25.49717028,Async Serial,42
25.50716921,Async Serial,44
25.51717684,Async Serial,43
25.52717504,Async Serial,40
25.53718224,Async Serial,38
25.54718118,Async Serial,36
25.55718771,Async Serial,35
25.56718673,Async Serial,33
25.57719394,Async Serial,32
25.58719257,Async Serial,29
25.59719955,Async Serial,30
25.6071978,Async Serial,28
25.61720515,Async Serial,28
25.62720295,Async Serial,28
25.6372085,Async Serial,29
25.64721442,Async Serial,32
25.65721123,Async Serial,34
25.66721649,Async Serial,35
25.67722169,Async Serial,36
25.68721778,Async Serial,37
25.69722306,Async Serial,38
25.70722929,Async Serial,36
25.71722617,Async Serial,36
25.72723219,Async Serial,35
25.73723859,Async Serial,34
25.74723665,Async Serial,34
25.75724402,Async Serial,36
25.76724237,Async Serial,36
25.7772431,Async Serial,36
25.78725105,Async Serial,37
25.79725053,Async Serial,37
25.80725777,Async Serial,39
25.81725698,Async Serial,38
25.82726546,Async Serial,38
25.83726419,Async Serial,37
25.84726295,Async Serial,33
25.85727049,Async Serial,35
25.86726938,Async Serial,34
25.87727684,Async Serial,33
25.88728403,Async Serial,33
25.8972829,Async Serial,33
25.90728067,Async Serial,35
25.9172885,Async Serial,34
25.92728611,Async Serial,36
25.93729315,Async Serial,36
25.94730009,Async Serial,36
25.95729854,Async Serial,35
25.96730498,Async Serial,35
25.97730305,Async Serial,34
25.98730938,Async Serial,35
25.99730642,Async Serial,34
26.00731161,Async Serial,35
26.01731794,Async Serial,36
26.02732344,Async Serial,35
26.03732018,Async Serial,35
26.04732563,Async Serial,35
26.05733059,Async Serial,36
26.07733219,Async Serial,34
26.08733905,Async Serial,34
26.09733628,Async Serial,35
26.10734248,Async Serial,35
26.11734082,Async Serial,35
26.12734755,Async Serial,34
26.13734608,Async Serial,34
26.14735459,Async Serial,34
26.1573549,Async Serial,36
26.16735346,Async Serial,36
26.17736067,Async Serial,36
26.1873685,Async Serial,37
26.19736695,Async Serial,36
26.20736515,Async Serial,37
26.21737298,Async Serial,36
26.22737948,Async Serial,35
26.23737763,Async Serial,35
26.24737609,Async Serial,36
26.25738338,Async Serial,35
26.26738153,Async Serial,35
26.27738765,Async Serial,35
26.28739418,Async Serial,35
26.29739251,Async Serial,34
26.30739923,Async Serial,36
26.31739769,Async Serial,36
26.32740498,Async Serial,36
26.33740344,Async Serial,36
26.34741138,Async Serial,36
26.35741028,Async Serial,36
26.3674189,Async Serial,35
26.37741955,Async Serial,35
26.38741898,Async Serial,35
26.39741842,Async Serial,33
26.40742563,Async Serial,33
26.41742441,Async Serial,35
26.42743203,Async Serial,35
26.43743095,Async Serial,35
26.44743859,Async Serial,36
26.45743682,Async Serial,36
26.46744391,Async Serial,36
26.4774498,Async Serial,36
26.48744744,Async Serial,36
26.49745379,Async Serial,35
26.50745155,Async Serial,35
26.51745902,Async Serial,35
26.52745697,Async Serial,35
26.53746322,Async Serial,35
26.54746019,Async Serial,35
26.55746628,Async Serial,35
26.56746348,Async Serial,35
26.57747732,Async Serial,35
26.58747298,Async Serial,35
26.59747775,Async Serial,34
26.60748304,Async Serial,35
26.61748791,Async Serial,36
26.62748467,Async Serial,35
26.63749065,Async Serial,34
26.64749665,Async Serial,35
26.65749373,Async Serial,36
26.66749907,Async Serial,36
26.67750505,Async Serial,36
26.68750202,Async Serial,35
26.69750802,Async Serial,34
26.70751374,Async Serial,34
26.71752034,Async Serial,35
26.72751859,Async Serial,35
26.73751689,Async Serial,35
26.74752434,Async Serial,35
26.757522,Async Serial,35
26.76752829,Async Serial,35
26.77753536,Async Serial,35
26.78753236,Async Serial,35
26.79753729,Async Serial,34
26.80753469,Async Serial,35
26.81753931,Async Serial,35
26.82754478,Async Serial,35
26.83755004,Async Serial,35
26.84754786,Async Serial,35
26.85755519,Async Serial,36
26.86755346,Async Serial,35
26.87756054,Async Serial,35
26.88755801,Async Serial,35
26.89756467,Async Serial,35
26.90756318,Async Serial,35
26.91756905,Async Serial,34
26.92757427,Async Serial,35
26.93757034,Async Serial,35
26.94757636,Async Serial,35
26.95758211,Async Serial,35
26.96758067,Async Serial,34
26.97758732,Async Serial,35
26.9875943,Async Serial,33
26.9975923,Async Serial,35
27.00759895,Async Serial,36
27.01759603,Async Serial,35
27.02760298,Async Serial,37
27.03760067,Async Serial,36
27.0476069,Async Serial,36
27.05761298,Async Serial,36
27.06761011,Async Serial,37
27.07761667,Async Serial,35
27.08761442,Async Serial,34
27.0976205,Async Serial,34
27.1076264,Async Serial,34
27.11762316,Async Serial,35
27.12762851,Async Serial,35
27.13763496,Async Serial,35
27.14763219,Async Serial,35
27.15763834,Async Serial,35
27.16763555,Async Serial,35
27.17764115,Async Serial,36
27.18764673,Async Serial,34
27.19765219,Async Serial,34
27.20764932,Async Serial,35
27.2176549,Async Serial,36
27.2276531,Async Serial,36
27.23766035,Async Serial,36
27.24765849,Async Serial,36
27.25766589,Async Serial,35
27.26767171,Async Serial,36
27.27766889,Async Serial,35
27.28767523,Async Serial,35
27.29767225,Async Serial,36
27.30767874,Async Serial,35
27.31768523,Async Serial,35
27.32768259,Async Serial,35
27.33768932,Async Serial,36
27.34768675,Async Serial,35
27.35769289,Async Serial,35
27.36769859,Async Serial,35
27.37769558,Async Serial,35
27.38770154,Async Serial,35
27.39770755,Async Serial,35
27.40770569,Async Serial,34
27.41771218,Async Serial,35
27.42771071,Async Serial,35
27.43771714,Async Serial,34
27.44771515,Async Serial,36
27.4577213,Async Serial,35
27.46772753,Async Serial,35
27.47772484,Async Serial,35
27.48773065,Async Serial,35
27.49772779,Async Serial,35
27.50773267,Async Serial,36
27.51773786,Async Serial,36
27.52774234,Async Serial,36
27.53774778,Async Serial,35
27.547744,Async Serial,36
27.55774946,Async Serial,36
27.56775482,Async Serial,34
27.57775123,Async Serial,34
27.58775667,Async Serial,34
27.59776257,Async Serial,35
27.60776786,Async Serial,34
27.61776484,Async Serial,35
27.6277717,Async Serial,37
27.63776963,Async Serial,37
27.64777538,Async Serial,37
27.65778084,Async Serial,36
27.66777715,Async Serial,35
27.67778163,Async Serial,36
27.68778642,Async Serial,36
27.6977909,Async Serial,36
27.7077864,Async Serial,35
27.71779138,Async Serial,36
27.7277958,Async Serial,35
27.73780048,Async Serial,35
27.74780338,Async Serial,35
27.75780675,Async Serial,34
27.76781107,Async Serial,34
27.77781507,Async Serial,34
27.78781098,Async Serial,34
27.79781571,Async Serial,35
27.80782022,Async Serial,35
27.81782442,Async Serial,34
27.8278289,Async Serial,35
27.83782546,Async Serial,36
27.84783144,Async Serial,36
27.8578365,Async Serial,36
27.86783267,Async Serial,36
27.87783759,Async Serial,35
27.88784242,Async Serial,35
27.89784797,Async Serial,35
27.90784476,Async Serial,35
27.91785073,Async Serial,35
27.92785667,Async Serial,35
27.93785328,Async Serial,34
27.94785763,Async Serial,34
27.95786242,Async Serial,35
27.96786763,Async Serial,35
27.97786371,Async Serial,35
27.98786908,Async Serial,34
27.99787394,Async Serial,34
28.00787849,Async Serial,35
28.01787495,Async Serial,36
28.02787968,Async Serial,35
28.03788484,Async Serial,35
28.04788961,Async Serial,35
28.05789394,Async Serial,35
28.06789834,Async Serial,35
28.07789377,Async Serial,35
28.08789834,Async Serial,35
28.09790295,Async Serial,35
28.10790723,Async Serial,36
28.11790275,Async Serial,35
28.12790695,Async Serial,35
28.13791186,Async Serial,35
28.14791709,Async Serial,35
28.15791383,Async Serial,34
28.16791875,Async Serial,34
28.17792315,Async Serial,35
28.18792658,Async Serial,34
28.19793123,Async Serial,36
28.20793538,Async Serial,35
28.21793882,Async Serial,36
28.22793459,Async Serial,36
28.23793852,Async Serial,37
28.24794237,Async Serial,37
28.25794678,Async Serial,37
28.27795236,Async Serial,36
28.28795636,Async Serial,36
28.2979605,Async Serial,34
28.30796467,Async Serial,35
28.31796036,Async Serial,33
28.32796467,Async Serial,33
28.33796882,Async Serial,34
28.34797286,Async Serial,33
28.35797738,Async Serial,34
28.36797356,Async Serial,34
28.37797907,Async Serial,34
28.38798402,Async Serial,34
28.39798913,Async Serial,33
28.4079848,Async Serial,33
28.41798895,Async Serial,34
28.4279933,Async Serial,34
28.4379978,Async Serial,34
28.44800194,Async Serial,36
28.45800529,Async Serial,35
28.46800863,Async Serial,37
28.47801181,Async Serial,37
28.48800642,Async Serial,37
28.49801138,Async Serial,36
28.50801536,Async Serial,36
28.51801842,Async Serial,36
28.52802234,Async Serial,35
28.53802594,Async Serial,36
28.54803105,Async Serial,36
28.55802695,Async Serial,36
28.56803155,Async Serial,36
28.5780365,Async Serial,36
28.58804036,Async Serial,36
28.5980449,Async Serial,36
28.60804882,Async Serial,34
28.61804434,Async Serial,33
28.62804786,Async Serial,32
28.63805262,Async Serial,33
28.64805742,Async Serial,32
28.65806227,Async Serial,32
28.66805907,Async Serial,33
28.67806436,Async Serial,34
28.68806938,Async Serial,34
28.69807321,Async Serial,34
28.70807667,Async Serial,34
28.71808033,Async Serial,34
28.72808374,Async Serial,35
28.73807923,Async Serial,34
28.74808355,Async Serial,35
28.75808819,Async Serial,36
28.76809344,Async Serial,36
28.77808938,Async Serial,36
28.78809434,Async Serial,37
28.79809998,Async Serial,37
28.80810532,Async Serial,36
28.81810155,Async Serial,37
28.8281062,Async Serial,38
28.83811123,Async Serial,37
28.84811603,Async Serial,36
28.85812107,Async Serial,36
28.86811826,Async Serial,36
28.87812323,Async Serial,37
28.88812851,Async Serial,37
28.89812611,Async Serial,37
28.90813098,Async Serial,38
28.91813558,Async Serial,38
28.92813274,Async Serial,38
28.9381378,Async Serial,39
28.94814293,Async Serial,38
28.95813953,Async Serial,39
28.96814498,Async Serial,39
28.97815123,Async Serial,40
28.98815667,Async Serial,41
28.9981538,Async Serial,43
29.00815885,Async Serial,43
29.0181641,Async Serial,42
29.0281605,Async Serial,42
29.03816594,Async Serial,41
29.04817059,Async Serial,38
29.05817586,Async Serial,36
29.06818079,Async Serial,33
29.07817625,Async Serial,30
29.08818,Async Serial,29
29.0981837,Async Serial,26
29.10818721,Async Serial,25
29.11819028,Async Serial,25
29.12819267,Async Serial,26
29.13819513,Async Serial,26
29.14819923,Async Serial,29
29.1582029,Async Serial,32
29.16819865,Async Serial,35
29.17820284,Async Serial,35
29.18820778,Async Serial,37
29.19821257,Async Serial,38
29.20821807,Async Serial,40
29.21822276,Async Serial,40
29.22821889,Async Serial,40
29.23822386,Async Serial,39
29.24822911,Async Serial,38
29.25822569,Async Serial,36
29.2682298,Async Serial,34
29.27823359,Async Serial,35
29.28823811,Async Serial,33
29.29824307,Async Serial,34
29.30823971,Async Serial,34
29.31824479,Async Serial,32
29.32825065,Async Serial,32
29.33824707,Async Serial,33
29.34825234,Async Serial,34
29.3582578,Async Serial,34
29.36825594,Async Serial,34
29.3782625,Async Serial,35
29.38826778,Async Serial,35
29.39826355,Async Serial,35
29.4082685,Async Serial,35
29.4182733,Async Serial,36
29.42827776,Async Serial,35
29.43828242,Async Serial,35
29.44828628,Async Serial,34
29.4582821,Async Serial,35
29.46828732,Async Serial,35
29.47829298,Async Serial,35
29.48829794,Async Serial,36
29.49829427,Async Serial,34
29.50829974,Async Serial,34
29.51830594,Async Serial,35
29.52830323,Async Serial,35
29.53830898,Async Serial,35
29.54830575,Async Serial,35
29.55831121,Async Serial,35
29.56831754,Async Serial,35
29.57831538,Async Serial,33
29.58832153,Async Serial,34
29.59832672,Async Serial,35
29.60832441,Async Serial,35
29.61833011,Async Serial,36
29.62833619,Async Serial,36
29.63833376,Async Serial,38
29.64834019,Async Serial,36
29.65833698,Async Serial,37
29.66834265,Async Serial,37
29.67834945,Async Serial,36
29.68834721,Async Serial,35
29.69835282,Async Serial,35
29.70835842,Async Serial,33
29.71835538,Async Serial,33
29.72836163,Async Serial,34
29.73836738,Async Serial,34
29.74836532,Async Serial,34
29.75837273,Async Serial,35
29.76837999,Async Serial,34
29.77837794,Async Serial,35
29.78837601,Async Serial,37
29.79838257,Async Serial,37
29.80838066,Async Serial,35
29.81838786,Async Serial,34
29.82838594,Async Serial,35
29.83839274,Async Serial,33
29.84839155,Async Serial,34
29.85839923,Async Serial,33
29.86839674,Async Serial,33
29.87840321,Async Serial,34
29.88840944,Async Serial,35
29.89840792,Async Serial,35
29.9084151,Async Serial,35
29.91841389,Async Serial,37
29.92842105,Async Serial,36
29.93841845,Async Serial,36
29.94842379,Async Serial,37
29.95842867,Async Serial,37
29.96842546,Async Serial,35
29.9784309,Async Serial,37
29.98843763,Async Serial,36
29.99843571,Async Serial,36
30.00844211,Async Serial,35
30.01844036,Async Serial,34
30.02844657,Async Serial,34